{
    "target": "reva.edu.in",
    "timestamp": "2025-05-28T08:04:17.852862",
    "target_ip": "18.161.216.124",
    "open_ports": [],
    "services": {
        "error": "Nmap scan failed: 'nmap program was not found in path. PATH is : F:\\\\3.9\\\\Scripts\\\\;F:\\\\3.9\\\\;C:\\\\Program Files (x86)\\\\Python310-32\\\\Scripts\\\\;C:\\\\Program Files (x86)\\\\Python310-32\\\\;F:\\\\3.12.5\\\\Scripts\\\\;F:\\\\3.12.5\\\\;C:\\\\Program Files\\\\Python311\\\\Scripts\\\\;C:\\\\Program Files\\\\Python311\\\\;C:\\\\Program Files\\\\Python312\\\\Scripts\\\\;C:\\\\Program Files\\\\Python312\\\\;F:\\\\3.8\\\\Scripts\\\\;F:\\\\3.8\\\\;F:\\\\3.11\\\\Scripts\\\\;F:\\\\3.11\\\\;F:\\\\3.9.8\\\\Scripts\\\\;F:\\\\3.9.8\\\\;F:\\\\3.7\\\\Scripts\\\\;F:\\\\3.7\\\\;F:\\\\3.10\\\\Scripts\\\\;F:\\\\3.10\\\\;F:\\\\VMWARE\\\\bin\\\\;C:\\\\WINDOWS\\\\system32;C:\\\\WINDOWS;C:\\\\WINDOWS\\\\System32\\\\Wbem;C:\\\\WINDOWS\\\\System32\\\\WindowsPowerShell\\\\v1.0\\\\;C:\\\\WINDOWS\\\\System32\\\\OpenSSH\\\\;C:\\\\Program Files\\\\dotnet\\\\;C:\\\\Program Files\\\\Java\\\\jdk-21\\\\bin;C:\\\\Program Files\\\\nodejs\\\\;C:\\\\ProgramData\\\\chocolatey\\\\bin;C:\\\\Program Files\\\\Git\\\\cmd;C:\\\\Users\\\\sripa\\\\AppData\\\\Local\\\\Microsoft\\\\WindowsApps;F:\\\\f1\\\\PyCharm Community Edition 2023.3.2\\\\bin;;C:\\\\Users\\\\sripa\\\\AppData\\\\Local\\\\Programs\\\\Microsoft VS Code\\\\bin;C:\\\\Program Files (x86)\\\\heroku\\\\bin;C:\\\\ProgramData\\\\sripa\\\\GitHubDesktop\\\\bin;C:\\\\Users\\\\sripa\\\\AppData\\\\Roaming\\\\npm'"
    },
    "http_headers": {
        "http": {
            "Content-Type": "text/html; charset=UTF-8",
            "Transfer-Encoding": "chunked",
            "Connection": "keep-alive",
            "Date": "Wed, 28 May 2025 08:04:20 GMT",
            "Expect-CT": "enforce,max-age=2592000",
            "Content-Language": "en",
            "Server": "Apache/2.4.62 (Amazon Linux)",
            "Expires": "Thu, 19 Nov 1981 08:52:00 GMT",
            "Cache-Control": "no-store, no-cache, must-revalidate",
            "Pragma": "no-cache",
            "Set-Cookie": "ci_session=fe645252c3cbd91a4a8749f0fafc7edb; expires=Wed, 28 May 2025 10:04:20 GMT; Max-Age=7200; path=/; HttpOnly; SameSite=Lax",
            "X-Frame-Options": "SAMEORIGIN",
            "Referrer-Policy": "no-referrer-when-downgrade",
            "Permissions-Policy": "geolocation=(), midi=(), sync-xhr=(), microphone=(), camera=(), magnetometer=(), gyroscope=(), fullscreen=(), payment=()",
            "X-XSS-Protection": "1; mode=block",
            "X-Content-Type-Options": "nosniff",
            "Strict-Transport-Security": "max-age=31536000; includeSubDomains; preload",
            "X-Cache": "Miss from cloudfront",
            "Via": "1.1 953bdbc4d23cd8710edb4bc12893a51a.cloudfront.net (CloudFront)",
            "X-Amz-Cf-Pop": "MAA50-P1",
            "Alt-Svc": "h3=\":443\"; ma=86400",
            "X-Amz-Cf-Id": "0dRiZjHAZLETDiSnf6EAoZ1p3Tg6sXSdeeOBiURmW_HjN9xa2Ck18A=="
        },
        "https": {
            "Content-Type": "text/html; charset=UTF-8",
            "Transfer-Encoding": "chunked",
            "Connection": "keep-alive",
            "Date": "Wed, 28 May 2025 08:04:22 GMT",
            "Expect-CT": "enforce,max-age=2592000",
            "Content-Language": "en",
            "Server": "Apache/2.4.62 (Amazon Linux)",
            "Expires": "Thu, 19 Nov 1981 08:52:00 GMT",
            "Cache-Control": "no-store, no-cache, must-revalidate",
            "Pragma": "no-cache",
            "X-Frame-Options": "SAMEORIGIN",
            "Referrer-Policy": "no-referrer-when-downgrade",
            "Permissions-Policy": "geolocation=(), midi=(), sync-xhr=(), microphone=(), camera=(), magnetometer=(), gyroscope=(), fullscreen=(), payment=()",
            "X-XSS-Protection": "1; mode=block",
            "X-Content-Type-Options": "nosniff",
            "Strict-Transport-Security": "max-age=31536000; includeSubDomains; preload",
            "X-Cache": "Miss from cloudfront",
            "Via": "1.1 8890f821f2766635a0bf9c35769eb6d6.cloudfront.net (CloudFront)",
            "X-Amz-Cf-Pop": "MAA50-P1",
            "Alt-Svc": "h3=\":443\"; ma=86400",
            "X-Amz-Cf-Id": "TlsIK--3cySOzwz1xownb7LgRqcXlrsBoN8KmVANr-IJNkeg689BkA=="
        }
    },
    "ssl_info": {
        "error": "testssl.sh not found at specified path"
    },
    "nmap_vuln_info": [],
    "web_vulnerabilities": [],
    "vulnerabilities": [
        {
            "type": "missing_security_headers",
            "details": "Missing headers for http: Content-Security-Policy",
            "severity": "medium",
            "mitigation": "Implement missing headers: Content-Security-Policy. Example: Content-Security-Policy: default-src 'self';"
        },
        {
            "type": "insecure_cookie",
            "details": "Non-secure cookie detected in http response",
            "severity": "medium",
            "mitigation": "Set the 'Secure' flag on cookies to ensure they are only sent over HTTPS."
        },
        {
            "type": "missing_security_headers",
            "details": "Missing headers for https: Content-Security-Policy",
            "severity": "medium",
            "mitigation": "Implement missing headers: Content-Security-Policy. Example: Content-Security-Policy: default-src 'self';"
        }
    ],
    "vulners_scan": {},
    "mitigations": {}
}