{
    "target": "reva.edu.in",
    "timestamp": "2025-05-26T16:57:19.126517",
    "target_ip": "18.161.216.88",
    "open_ports": [],
    "services": {
        "error": "Nmap scan failed: 'nmap program was not found in path. PATH is : F:\\\\3.9\\\\Scripts\\\\;F:\\\\3.9\\\\;C:\\\\Program Files (x86)\\\\Python310-32\\\\Scripts\\\\;C:\\\\Program Files (x86)\\\\Python310-32\\\\;F:\\\\3.12.5\\\\Scripts\\\\;F:\\\\3.12.5\\\\;C:\\\\Program Files\\\\Python311\\\\Scripts\\\\;C:\\\\Program Files\\\\Python311\\\\;C:\\\\Program Files\\\\Python312\\\\Scripts\\\\;C:\\\\Program Files\\\\Python312\\\\;F:\\\\3.8\\\\Scripts\\\\;F:\\\\3.8\\\\;F:\\\\3.11\\\\Scripts\\\\;F:\\\\3.11\\\\;F:\\\\3.9.8\\\\Scripts\\\\;F:\\\\3.9.8\\\\;F:\\\\3.7\\\\Scripts\\\\;F:\\\\3.7\\\\;F:\\\\3.10\\\\Scripts\\\\;F:\\\\3.10\\\\;F:\\\\VMWARE\\\\bin\\\\;C:\\\\WINDOWS\\\\system32;C:\\\\WINDOWS;C:\\\\WINDOWS\\\\System32\\\\Wbem;C:\\\\WINDOWS\\\\System32\\\\WindowsPowerShell\\\\v1.0\\\\;C:\\\\WINDOWS\\\\System32\\\\OpenSSH\\\\;C:\\\\Program Files\\\\dotnet\\\\;C:\\\\Program Files\\\\Java\\\\jdk-21\\\\bin;C:\\\\Program Files\\\\nodejs\\\\;C:\\\\ProgramData\\\\chocolatey\\\\bin;C:\\\\Program Files\\\\Git\\\\cmd;C:\\\\Users\\\\sripa\\\\AppData\\\\Local\\\\Microsoft\\\\WindowsApps;F:\\\\f1\\\\PyCharm Community Edition 2023.3.2\\\\bin;;C:\\\\Users\\\\sripa\\\\AppData\\\\Local\\\\Programs\\\\Microsoft VS Code\\\\bin;C:\\\\Program Files (x86)\\\\heroku\\\\bin;C:\\\\ProgramData\\\\sripa\\\\GitHubDesktop\\\\bin;C:\\\\Users\\\\sripa\\\\AppData\\\\Roaming\\\\npm'"
    },
    "http_headers": {
        "http": {
            "Content-Type": "text/html; charset=UTF-8",
            "Transfer-Encoding": "chunked",
            "Connection": "keep-alive",
            "Date": "Mon, 26 May 2025 16:57:20 GMT",
            "Expect-CT": "enforce,max-age=2592000",
            "Content-Language": "en",
            "Server": "Apache/2.4.62 (Amazon Linux)",
            "Expires": "Thu, 19 Nov 1981 08:52:00 GMT",
            "Cache-Control": "no-store, no-cache, must-revalidate",
            "Pragma": "no-cache",
            "Set-Cookie": "ci_session=9f870f39cec6d3dacdd207a81d8d3d1f; expires=Mon, 26 May 2025 18:57:20 GMT; Max-Age=7200; path=/; HttpOnly; SameSite=Lax",
            "X-Frame-Options": "SAMEORIGIN",
            "Referrer-Policy": "no-referrer-when-downgrade",
            "Permissions-Policy": "geolocation=(), midi=(), sync-xhr=(), microphone=(), camera=(), magnetometer=(), gyroscope=(), fullscreen=(), payment=()",
            "X-XSS-Protection": "1; mode=block",
            "X-Content-Type-Options": "nosniff",
            "Strict-Transport-Security": "max-age=31536000; includeSubDomains; preload",
            "X-Cache": "Miss from cloudfront",
            "Via": "1.1 7e789934ab3bcbc8565056b7ff464c92.cloudfront.net (CloudFront)",
            "X-Amz-Cf-Pop": "BLR50-P2",
            "Alt-Svc": "h3=\":443\"; ma=86400",
            "X-Amz-Cf-Id": "YWj5z88yhoFf0oqfh1mOx3KgRUHrll8NZDjn-MKsG5Br-07bFysKzA=="
        },
        "https": {
            "Content-Type": "text/html; charset=UTF-8",
            "Transfer-Encoding": "chunked",
            "Connection": "keep-alive",
            "Date": "Mon, 26 May 2025 16:57:21 GMT",
            "Expect-CT": "enforce,max-age=2592000",
            "Content-Language": "en",
            "Server": "Apache/2.4.62 (Amazon Linux)",
            "Expires": "Thu, 19 Nov 1981 08:52:00 GMT",
            "Cache-Control": "no-store, no-cache, must-revalidate",
            "Pragma": "no-cache",
            "X-Frame-Options": "SAMEORIGIN",
            "Referrer-Policy": "no-referrer-when-downgrade",
            "Permissions-Policy": "geolocation=(), midi=(), sync-xhr=(), microphone=(), camera=(), magnetometer=(), gyroscope=(), fullscreen=(), payment=()",
            "X-XSS-Protection": "1; mode=block",
            "X-Content-Type-Options": "nosniff",
            "Strict-Transport-Security": "max-age=31536000; includeSubDomains; preload",
            "X-Cache": "Miss from cloudfront",
            "Via": "1.1 e5bd27175111bd8ddfb23c21aab6ccc2.cloudfront.net (CloudFront)",
            "X-Amz-Cf-Pop": "BLR50-P2",
            "Alt-Svc": "h3=\":443\"; ma=86400",
            "X-Amz-Cf-Id": "thAwGDehc4csKmQ-815xEJmbTbCnWCKoxiIBoIQbi6hB2YhXaFYBnw=="
        }
    },
    "ssl_info": {
        "error": "testssl.sh not found at specified path"
    },
    "nmap_vuln_info": [],
    "vulnerabilities": [
        {
            "type": "missing_security_headers",
            "details": "Missing headers for http: Content-Security-Policy",
            "severity": "medium"
        },
        {
            "type": "missing_security_headers",
            "details": "Missing headers for https: Content-Security-Policy",
            "severity": "medium"
        }
    ],
    "vulners_scan": {}
}